Timestamp,Please enter your unique identifier below.,Rate yourself on your knowledge of eclipse.,Rate yourself on your knowledge of HTML5.,Rate yourself on your knowledge of JavaScript.,What is your past experience in HTML 5?,What is your past experience in JavaScript?,What is your past experience in CSS3?,What is your GPA,What time would you like to take the coding exercise?
4/9/2014 0:06:00,p62t4,Never Used,Poor,Poor,Less than 1 Year,None,More than 1 but less than 3 Years,2.0 or below,10:00 am GIT on 4/11 (recommended timing for GIT students)
4/9/2014 0:06:36,ntaoq,Poor,Average,Average,More than 3 but less than 5 Years,More than 1 but less than 3 Years,Less than 1 Year,2.1 - 2.5,10:00 am GIT on 4/11 (recommended timing for GIT students)
4/9/2014 0:07:11,s3gzj,Average,Good,Average,More than 3 but less than 5 Years,More than 1 but less than 3 Years,More than 3 but less than 5 Years,2.6 - 3.0,11:45 am on 4/14 at Peralta - 122
4/9/2014 0:07:43,raqoq,Good,Zen Master,Good,More than 3 but less than 5 Years,More than 5 years,More than 5 years,3.1 - 3.5,11:45 am on 4/14 at Peralta - 122
4/9/2014 0:08:14,ley8c,Zen Master,Good,Zen Master,More than 3 but less than 5 Years,More than 5 years,More than 3 but less than 5 Years,3.6 - 4.0,10:00 am GIT on 4/11 (recommended timing for GIT students)